Feature,Importance
Max Temp,0.6736922079671156
Min Temp,0.26276795441603285
Prcp,0.06353983761685163
